cap_inc,lab_inc,financial_assets,nonfinanc_assets,weights
0,9600,0,199758,166.643059
33000,35000,4368606,565332,35.134882
2500,34140,7000,118801,1461.343897
0,12000,600,120202,2065.351958
42000,0,97000,1750000,21.4512805
4740,55360,29000,400000,3093.274476
0,0,10400,489708,3011.5341445
0,14400,0,50000,992.9835135
0,22800,73893,0,5437.960745
0,36000,2877,54500,167.538404
107,0,25419,118000,1306.893786
0,0,30,0,1420.8877645
1800,24624,2005,0,7129.7842795
8400,0,141000,302000,1253.360854
150,31404,18900,312000,332.915284
0,24000,8300,65000,1240.185229
0,26244,8000,186000,1395.67885
4800,0,1100,380000,3047.093965
4,36324,30040,187000,898.718063
0,46800,8900,0,2307.3175475
0,15264,741,400,1608.489674
12000,0,300,217521,24.6834745
129000,0,28521,2879413,25.1342845
41000,0,995107,1051771,10.0893465
13591,58000,1113358,2788598,5.5945185
10050,0,307000,321114,1683.5837965
0,7800,150,120202,2338.325562
900,8028,85,135900,3000.3388795
25600,28000,235000,1310000,3127.3210715
0,10800,880,67000,2157.986885
15,0,4110,142641,1152.916758
313753,24000,5290000,3066700,57.0224905
6000,14000,15000,138668.16,2665.3709795
1000,0,42000,270202,1306.893786
0,31668,12000,0,5997.7064035
10290,30864,136000,778311,156.3815365
0,0,32100,434866,1306.893786
22200,67448,58000,296062,5942.3524635
100,0,13000,126010,3221.5216875
0,0,8356,337814,34.6552915
3030,54600,155700,540905,974.855136
175610,0,4319762,1370000,29.1078815
0,50292,8000,250000,2068.7728175
0,29004,6441,150000,3166.3745855
8341.199999999999,19462.8,2000,741870,7337.0342855
10920,25200,23520,157000,1570.0063965
12,57900,30000,250000,1069.9624395
6360,66360,46000,390000,1557.5539835
300,0,48000,300000,2731.96919
0,0,481,104933,1619.492266
0,0,15926,592870,468.778893
0,0,75001,294175,255.1101135
40100,30000,1703285,880000,33.646641
0,43992,16000,206282.2,1977.027667
203,0,114000,394000,1253.360854
0,0,2000,35770,1563.2414885
97501,41600,3815773,2735716,30.4430935
0,0,1000,300000,1274.0304535
50642,115000,725793,1265000,3.3923715
0,13200,20000,89575,1454.952917
500,0,95850,0,35.714846
15,33720,8700,37500,1233.2304715
0,0,4806,200,4500.898803
0,19200,1600,156263,3182.465491
0,14400,104000,350300,222.1715185
500,0,1441819,2000000,17.8566465
2700,6300,15265,172687,5463.054409
0,0,6010,561179,2262.0387425
0,27408,19149,132705,1616.249515
0,3600,1600,68030,1133.908179
50,0,3100,82000,17.7101705
0,9720,35800,150000,1474.8066395
11066.4,32553.6,8574,112619,650.8967265
78,0,127327,680959.76,2640.327547
0,0,30000,295505,1480.5036205
0,102000,22000,375457,917.5964025
0,8400,13724,61821,1295.4977575
0,69600,33800,1477754,4504.0363735
0,6900,3146,50000,5182.9455265
26000,0,394300,2260000,50.9714275
0,0,500,0,4500.898803
0,0,10000,160016,1768.676682
0,0,1278,490000,24.207393
5000,0,192000,725000,189.692362
0,0,600,174765,886.2095025
0,0,300,22814.5,695.3596765
0,18588,400,0,2403.304408
0,26880,36800,55000,2273.41036
15000,65996,52000,100100,1013.669236
0,14400,39975,2683728,46.363133
0,0,35,0,3247.6112535
100,42000,129000,180000,1944.2952535
0,0,3000,480942,35.714846
0,0,0,24040,1693.549148
6884,27312,678908,186162,897.2683815
1,21600,2000,80000,1642.5313575
0,0,30000,50000,630.006037
50000,0,950000,1080253,27.800999
0,0,9718,200000,790.805728
74151,32759.999999999996,724379,3385997,13.772381
0,0,15000,90000,487.5158925
0,10200,600,260000,1449.731258
5882.7,13726.3,63400,840000,3195.871387
0,0,88000,0,1184.838653
0,0,70000,132223,1799.923215
48600,0,65000,344501,1077.332188
130,0,13649,278480,951.4182245
2100,0,704000,2982664,34.6552915
0,14292,0,106726,1362.0044315
0,25992,7300,116000,1717.8154975
610,0,55968,113000,105.277607
0,0,0,0,2521.835378
4800,117076,3500,460000,1232.955165
80,21600,23000,117000,1169.6133395
2182,0,70602,30000,1397.705694
46161,75600,553447,1642312,24.558154
13200,14000,8000,1688746,21.4512805
324,3360,26000,93725,957.1745065
0,18000,4497,0,4288.264909
18100,0,1045000,651748,21.4512805
12246,0,17611,61978,2044.7090865
70600,0,587000,890579,8.4425395
0,0,0,0,18714.5711445
0,35040,600,0,1632.1893995
10830,25200,67379,1611723,27.3230105
300,40512,12050,153714,1415.2017965
0,14400,27126,0,988.282541
188200,597000,5240000,8890000,8.1731905
3000,7000,300,500000,2686.7037165
0,0,334718,533840.3300000001,54.517456
0,4800,0,55270,660.034882
100020,52080,176116,370824,3354.310319
4800,0,12301,459176,29.3466705
0,0,500,269103,279.888022
0,21600,15000,58895.4,2733.6867095
11019,0,873000,645000,20.987705
0,21000,2100,0,1861.018142
860,0,16000,315751,1003.992724
37274.5,63640.49999999999,25150,1075000,65.65948
16100,69600,72600,590000,2628.944771
0,0,1200,24040,2228.945019
0,0,600,360607,432.709024
0,0,1000,132222,51.4882945
0,51600,52000,122000,4485.4319055
45600,0,7650000,2837913,21.1158285
2160,0,28000,236211,1647.4236325
8000,0,1995504,2056728,9.318171
0,14400,1959,228384,1335.2313545
25,0,20000,42051,2155.8136605
0,0,1000,130000,965.0102565
53000,60000,4135000,2412000,12.0533585
353,0,38500,91803,997.7795455
0,0,12000,144233,1308.7789265
10,14400,500,90000,1700.9909805
0,0,276199,674224,20.732661
12000,0,5500,180304,1645.8568465
7220,3500,370000,695509,42.497306
0,26832,11196,120202,1385.481858
10000,24000,4070000,1010000,24.319897
0,47424,24000,367284,2248.80155
5000,0,185000,880000,135.4250855
22830,46320,370000,775000,26.0053415
0,43200,14000,285265,716.638147
700,67200,50000,185000,217.271798
1800,0,171000,820000,9.3413655
12,0,6800,44251,1888.712973
0,0,2000,330000,1253.360854
40428,49992,580000,357500,31.10812
200,36960,18000,0,2410.1021885
0,3600,20,0,3105.0738215
62359,35000,1642784,215000,46.0543915
0,0,22000,0,3068.9679225
0,0,148817,3613000,442.349155
0,59544,18685,125000,1575.3193975
0,0,1390,131103,1080.407831
0,0,6010,30050,3043.1121815
4800,0,3000,330000,5765.5433495
0,39600,34000,350000,1316.968009
0,28908,14,200000,1234.161425
7050,81204,270000,405000,1144.459347
0,32400,1000,0,1242.135569
79250,119000,3512000,1705000,27.7800925
507000,162000,5100000,905000,21.111807
16480,35520,122871,655000,1477.033706
450,0,0,0,2045.400221
0,0,2722,185135,1451.9318085
50942,0,526000,812000,10.0010975
0,0,601,92852,1334.5260815
3600,0,2582,491495,32.417028
0,0,2000,144724.12,1465.356815
14980,20020,550000,2314714,6.9400415
5000,75000,651000,615000,7.856557
0,0,2000,108182,1852.500665
191,0,102500,81500,1911.984172
9777.6,30014.4,13000,140000,827.0842355
7500,17500,57000,289000,833.552229
220,39600,61800,397000,1232.602194
200,48000,57500,160200,1339.332889
1,0,7000,232070,3618.7471875
0,11784,128650,139750,1526.1583835
18801.2,89002.79999999999,693000,608977,2962.485144
51177.6,103994.4,2796000,1910000,20.1605225
18000,42000,30000,584130,8550.991974
16500,18900,105000,374573,14.4166165
0,23820,8345,38692.5,1244.2205555
0,12000,500,120000,1421.9069645
2,14400,9395,0,827.2274345
6,0,15000,40000,1419.8638635
0,0,1000,85695,2228.306074
2100,50344,7429,155493,2690.9819875
0,0,6500,72262,2640.327547
58880,96300,909600,2486244,120.347651
53050,8400,103000,1000000,975.5303765
0,0,6000,41010,1952.6509695
0,42720,300,145000,1409.6473695
0,12048,496,711,2684.9618095
0,0,43000,18516,1253.360854
0,0,1729,300000,10.4859335
8613,19320,89306,615000,726.307922
700,42624,218000,273862,1512.9663565
0,38640,13195,220000,1917.8938095
350,0,90000,140000,262.6997855
3077,19996,84070,146100,4193.8447505
0,22368,4700,40000,1887.317157
44407.6,144394.4,403000,1603705,1103.7726065
0,41688,2000,0,1925.0064665
22800,0,55251,640000,17.194961
0,14400,4000,187585,1744.0545005
0,30000,2500,1000,1482.6387555
45,22800,11000,166643,2317.499291
89944,0,140000,2450000,12.9710215
300,60252,37000,28050,4395.5233845
6600,0,25524,505000,826.069152
47000,0,1095000,2543441,21.4512805
90,74880,316271,300000,1223.4506135
0,0,1100,0,1196.7936515
4242,0,180364,677240,21.4512805
600,0,129679,190000,26.0054305
0,65400,13000,360000,19.5448885
0,10368,2001,0,1184.509359
0,0,10000,150253,2824.603667
7840,0,143000,465000,1054.689532
7200,45600,46000,241500,1590.916714
0,0,325000,1322500,959.943935
0,0,30000,55500,1224.496464
0,15600,32000,66000,1767.4947835
1500,80400,289000,200600,760.1154545
2800,12600,854000,558000,614.0649715
200250,43200,29139,350000,1160.103759
0,32400,27000,362000,4665.848612
0,33180,18802,60000,1600.1494455
0,0,63100,59067,413.763334
0,0,9000,0,3183.2714055
0,0,1600,91152,601.6827245
29503.3,52030.7,73779,541096,814.506859
0,31200,600,68288,2054.9773635
8417.4,39944.6,9720,2397536,50.7542365
0,0,0,0,2225.487933
0,600,50,641,1407.7018495
960,0,300,52500,2640.327547
141,46488,29538,120115,1680.3651915
0,4800,20,180000,756.791205
0,15396,35000,120000,3647.3728365
0,0,3000,263070,3492.58381
77132,20400,225000,2960000,6.912697
338,9960,172490,179500,1106.94328
0,0,8000,0,1271.344324
0,0,2000,0,787.1160715
28400,12600,466439,575000,1345.6294045
6830,15399.999999999998,72000,475000,2265.102601
0,0,504,114072,1628.519081
0,0,317,210000,2533.7185925
0,9600,14400,80000,586.8996335
5,25152,2134,124556,1730.267866
2880,18720,2240,102000,622.590933
30400,0,15000,132223,1287.764108
0,0,500,0,1340.3585405
6000,52800,96000,505000,1196.419098
60000,0,400000,1861566.72,35.156342
0,36852,8025,0,2962.898815
0,12156,48000,0,1326.939476
0,0,600,19371.5,1882.0993635
9000,42000,181000,345584,1739.5502515
0,13380,21193,335972,1374.1955635
41200,0,570000,600000,32.417028
30,60000,180000,1054000,952.309262
27560,38640,1573105,2476516,37.3975365
660,56596,14000,173500,703.927717
0,21600,650000,406163,439.568406
0,0,250,0,2650.3279615
0,42000,21000,467754,4025.007536
947,0,23088,2423528,11.45406
0,11400,700,7500,4958.2431835
3000,19000,2000,290000,1768.509752
161640,377160,4371749,626881231,25.3011165
0,0,0,0,1457.55942
1200,9808,1181421,55525,1464.911768
0,49200,21114,129966,647.689937
0,24792,3848,93630,1866.6941035
130927.4,69753.59999999999,3219711,30306216,14.903462
6,43200,17000,470000,3322.7875045
0,0,0,0,5119.830656
300,32196,14805,101342,1019.402594
13600,9600,129373,510331,17.887258
100,81396,12217,204000,1114.423665
14500,0,882000,1100000,38.54386
0,4800,4300,126000,1738.025991
0,25200,100,140000,2970.683065
6010,0,60101,194127,704.2618945
2880,11400,35200,220000,3451.8644745
3,18456,50000,169123.48,1687.1031905
225300,0,8623743,2900276.6,16.2655245
100,72000,16000,306000,650.165582
1080,2520,600,3000,2181.833769
18000,9600,240000,2069810,39.5527285
0,0,16376,705000,1952.6509695
0,0,14000,62000,1647.4236325
6,45180,27600,177543,4771.9097845
10950,0,9800,2011265,935.340389
105394.3,283790.69999999995,2979000,507280,8.0125145
0,0,0,0,16042.726367
37770,63800,2076321,1815175.00625,26.924667
0,19200,1100,200000,1047.390832
0,30924,3000,80000,1322.881565
0,2400,8825,561195,453.509174
2820,38712,43177,200000,1413.2230115
0,0,7000,134142,769.9127275
51500,0,874919,137520,26.74006
278,0,67435,268911,21.973614
0,6288,2000,180304,788.8205495
14000,0,116000,507753,5.6589635
13300,0,168000,1500000,13.817565
0,0,1200,0,2678.808016
2700,0,142000,375101,1435.1221465
2,45996,26000,161048,968.2983245
0,19200,85000,150000,515.940142
21551,49176,34173,227299,759.5947735
6000,0,218226,1149000,1670.4577825
120000,0,4035000,10145059.79,6.3174345
0,24000,6000,144243,845.5112475
20,36900,55000,180000,4407.8730045
6220,20000,13809,100000,14954.3703545
3603.6,8408.4,78449,1063791,1428.563902
0,0,65667,560443,2505.14048
0,12000,8,0,1856.720518
0,0,800,80100,2270.8033745
27600,0,28000,270000,1975.4622455
0,0,6500,129803,1306.893786
560,12684,75685,119536,570.2246735
9005,21000,123000,365000,3462.8558975
3600,8400,1300,670000,2751.1650885
520000,0,162000,2155000,43.297179
0,44400,12177,91760,690.3463425
13300,139200,354824,390000,1676.0361785
3643,19716,268220,1087475,7.449682
0,21000,18399,133259,2725.5641835
0,12660,31200,217126.5,1595.639455
1525,0,90000,95164.9,1629.1063825
4952,12000,221450,396090,29.1078815
5600,8400,447000,2318383.5,44.4795575
0,46800,500,320000,1073.6587915
0,0,12000,240404,1002.1376445
0,0,10000,70065.5,3492.58381
17938,29280,399862,3970714,63.427115
500,0,176504,655000,19.292667
0,0,400,0,2886.8022945
4200,8400,43800,118182,2290.6656105
1200,0,130000,720000,1321.0944765
0,18000,25500,180904,1699.358889
40,60000,5350,0,1373.6410075
13805,42700,18000,305000,1132.6102915
0,17448,3817,149859,1315.7741035
0,0,73539,7024170,56.903401
5880,34200,26000,438600,2642.596871
200,0,34000,1175291,34.6552915
432,0,250588,336983,905.271197
900,21780,7095,223030,1054.3418535
15000,0,3829000,1180860,13.5576785
0,0,2900,35000,873.8989435
490,16096,25000,0,1156.86612
1,0,3180,107000,522.005289
749,0,440236,851659.4199999999,18.5533965
0,0,651,6000,1687.193695
259100,56288,516002,1191113,50.6430135
0,11160,1000,79934.26,2081.175315
0,0,20,120000,1633.8634465
38000,0,4650000,6572639,14.127666
0,0,1000,0,1925.040391
0,52992,41300,130000,7934.693616
4320,10080,104379,573376.5,708.759579
0,27192,1000,190000,6299.005995
13020,38922,53000,370000,24.440642
6453,31209,13060,94000,4232.1614635
22054,37248,1571332,448955,12.223008
0,16764,25020,108182,1624.879336
0,0,30190,531792,1320.4801095
10,33600,15500,161000,3045.1838155
0,4800,365,300506,721.8490345
0,17964,666,500,1845.736882
0,64392,1103752,844191,21.4512805
82000,0,60000,608000,2001.799937
30100,0,206000,620000.00625,5640.5999685
432,0,123900,789000,216.692025
4200,33560,14000,85000,1203.931009
30,49200,10200,200000,1507.3982015
16,48372,10424,236300,1992.88696
10023.6,28188.4,17000,137042,2017.21282
45000,0,1750000,2038888,15.836819
0,0,2640,71325,2617.3758315
0,8544,90,80000,1383.824645
8160,33600,139069,548912,882.306152
0,16800,13500,260738,716.8414255
150,36000,107000,105000,1341.9518265
0,0,118000,221092,1882.2548255
6316,12600,37600,151834,1594.7819425
3000,0,679247,350202,25.259099
5100,18000,175000,2100000,1009.3210165
10800,25200,1400,1443088,23.8224775
0,22392,500,932168.5,393.28617
0,28644,3708,30000,1279.738273
0,40416,29600,193500,2938.459992
11781,46569,20334,410600,1413.8548475
0,34800,4000,26400,467.3946345
82320,17080,122000,1023684,38.54386
0,3600,0,6851,196.2272805
0,36300,5965,458561,24.8139365
200,0,136160,782121,23.7263085
47018,6996,1480000,1301803,28.4543365
100,12000,4000,460526,921.605531
4300,0,34000,290000,1546.527437
5281,25992,119001,625052,479.838707
32750,4200,1123000,667455,91.8443115
68,0,151198,200000,1060.4550835
80,0,235500,287879,2085.5371645
984,0,515712,466000,18.5533965
17448.899999999998,40714.1,537765,1344642,26.0054305
28394.4,77053.59999999999,12500,5707560,3.492455
0,27600,1200,147801,41.395041
1,9720,4500,90000,2022.166088
0,0,72123,692692,902.540106
0,9000,64,0,1357.1490765
0,0,10577,294194,841.1769385
0,31320,20000,121000.00005859377,620.451554
0,0,5000,0,1593.367267
75,48600,45714,1000,1077.717386
0,14400,900,0,2451.300814
20778,0,1350000,935000,3322.3462465
4320,80076,30000,330000,9908.2908635
0,5700,100,102680,309.5961905
0,0,2000,0,2037.8293835
400,0,107000,3700000,1191.264933
0,0,229,68326.38,3492.58381
5000,0,330000,116000,930.9153905
20000,18192,142200,120000,1799.7775605
0,0,60000,314506,1253.360854
491,0,120100,500,1763.953566
23400,0,64000,990000,1398.8223895
0,15600,211500,294000,4162.8891885
100,19320,45000,312526,82.0573435
9,30348,29000,167134,1390.9384245
30000,74400,162436,1293074,256.62339
0,0,300,0,3492.58381
0,30984,3000,130000,1642.5313575
70,45960,22092,0,1925.0064665
0,19992,18710,114753,1708.222797
18500,60000,135000,785343.2,656.0599165
0,15756,755,110000,1406.116942
0,31200,21000,251000,166.8328885
35925,20400,255294,433064,17.1726125
9015,0,73500,360829,1657.283561
0,0,50500,580000,802.688834
200,0,10000,527657.5,6.4938965
0,47136,56000,56490,717.49844
0,22200,5000,17999.99953125,1292.0808215
0,0,1000,180000,2368.0048885
0,22200,50,0,1946.746
0,0,200,60000,1732.8074055
40300,30000,1080163,335600,50.317163
36134,0,95239,257958.5,1265.714872
0,0,967,158595.5,397.6940825
0,16080,820,256000,405.458278
1500,0,548,0,8537.32703
10800,27600,48000,348449,3786.536619
0,0,279,14697.5,2613.528095
0,16140,800,200000,1790.298407
4800,27600,34359,627080,1804.7427155
20400,0,11498,140846,5458.2586555
1250,0,60000,405719,2871.4817015
1800,18000,225554,782405,1731.0028385
0,10800,40000,570961,546.514424
140,28800,41510,100000,5200.5152335
0,2400,100,0,2940.6552195
0,31992,27600,200000,1708.222797
8322,57494,35100,30000,2818.0125555
7200,36000,10000,460000,2054.446442
11000,0,1980,113892.24,2144.009867
0,0,8500,164802,192.264888
3600,8400,14000,151026,572.232464
0,4800,300,51803,466.9729215
4681,0,2378933,500000,18.168713
4725,11025,500,332015,841.93148
0,14400,1000,110182,1011.1607765
16600,42000,850000,1660000,32.2367335
0,39600,500,281427,981.6009825
0,12312,2200,0,1145.76058
28200,65800,41000,928616.14,983.5434745
100,0,39000,240000,2819.8840565
1400,0,61401,516582,1444.647464
24,0,10605,0,3162.7013685
0,0,3000,79729,1533.82555
0,15600,8000,170000,2768.018351
48600,98000,567000,2160500,9.700083
0,38400,16290,0,771.6949655
4800,0,20000,330000,920.1951065
1620.2,28968.8,8351,129802,1502.796026
0,31200,10000,122000,22.9736305
132916,18000,1268860,7468241,19.0992325
5400,12600,2000,91759.6,439.027904
7642,0,231000,1105909,1199.7317955
1184,11700,10000,240000,1739.5990845
6000,27000,15000,80000,4969.0657635
33,55548,30000,183600,2510.5788
6132,0,1260261,29899705.5,21.4512805
34220,64679.99999999999,1552000,1801000,5.435114
44213.6,91498.4,494599,2043448,13.772381
0,0,782,164356,1430.71075
0,0,300,0,4500.898803
0,61440,540,123000,1364.186219
0,4800,1000,23424.39,9.2554855
0,7800,1500,160000,928.1795015
6503,42000,18000,100000,19.5829845
0,28800,200,0,720.641625
1500,0,32566,72972.8,2735.088703
0,13428,651,67752,1443.8566295
10,0,200000,188561,1253.360854
0,0,8200,0,2215.477002
0,33792,400000,120000,1260.364372
59,42780,8440,66000,2317.5821895
0,31932,4000,140000,5280.1070395
20000,0,1439000,972549,26.0054305
4800,56736,43500,240101,1420.2883085
0,44928,16460,129616.2,569.3921995
26697.199999999997,29626.8,87087,1205000,158.663784
20700,21000,717245,2225000,16.3471625
0,20508,1000,83940,1407.7018495
300,90996,372000,482451,26.719747
23000,54600,734000,3824035,11.45406
97483,0,6579000,8086910,18.1895885
3600,0,160994,1042000,17.006936
0,20460,0,0,1715.0750755
0,0,20000,30000,1952.6509695
25980,60619.99999999999,38000,570455,5860.1386585
0,15600,15000,0,4301.8388375
0,0,81600,430304,673.833575
4940,0,214000,1250000,90.35703
0,0,8330,616663,3688.849208
0,21984,2340,60000,2778.2369275
2880,42696,45700,993101,5061.1092275
67757,166433,811940,2340609,34.828329
150,0,25000,37000,2086.7560475
0,0,38773,200000,745.489059
74500,0,10230000,2200000,12.453687
21022,0,184959,1196749,10.3515465
0,57852,7976,250000,1708.2272345
94470,0,2500,4673971,13.6947445
0,15240,1064,0,43.544078
150,44196,138800,99000,1607.9318525
0,13800,400,0,2828.9378945
8398.8,38797.2,34000,170500,1480.796324
250,0,142000,190304,951.2349285
739,104940,419011,892231,1388.4868615
0,0,375700,291095.5,1641.009813
15693.9,36619.1,69558,1656919,17.2624585
0,38400,150,300000,1004.2741005
3205,0,300148,310000,41.205156
0,38400,19000,1000,1409.0618185
0,29232,12500,123202,1401.576039
0,22872,51839,178792,669.5757945
0,0,10267,138410,1786.224035
11000,0,4719534,2309000,16.8437685
5400,48600,45000,1480000,653.1297485
264,0,100136,12000,26.0054305
0,0,26598,223771,1865.1614965
240000,0,2153034,10150000,6.998634
4200,0,30000,180000,1629.1063825
0,25032,9000,35000,3119.89914
3600,0,2169,229591,2381.236439
0,0,0,73821,1952.6509695
46400,33600,357534,1964000,141.167784
0,0,50009,235000,1566.4461485
0,42936,51966,148375,93.750195
2000,0,1000001,1766010,21.4512805
0,0,1000,78132,2640.327547
6065,0,402000,550000,11.072668
79000,105000,19488513,5795280,5.3370155
87140,118160,100000,1593333,16.355382
0,14400,2000,122000,2073.2264375
0,58800,30192,260000,865.4895265
15,40800,30000,81000,497.7812355
35600,0,346000,900600,84.460726
4950,0,78000,217541,973.8585565
100,24000,71500,200000,1553.7299575
50000,0,1650000,0,35.714846
7042,0,190000,997000,1509.172128
8,0,10422,90100,1042.411475
200,21000,32650,150000,703.554882
0,12000,1300,1500,1704.26923
0,19200,5000,0,577.942742
5481,75600,11800,468500,2979.244488
0,0,30000,455000,90.35703
25200,58799.99999999999,66598,600697,18.815006
4800,0,24000,230000,524.3842825
0,9180,1000,0,1101.21856
0,14400,400,0,3481.409574
10,0,300,60000,5903.343171
810,85200,166000,387627,1276.087107
5166,0,7312512,5854712,32.189431
0,11112,201500,42000,807.9351115
0,0,10000,223081,961.0315785
100,0,50000,180231,1199.7317955
2612,0,300000,257728.6,105.277607
400,51936,192000,370000,1069.9624395
8750,0,200000,631000,11.848021
0,27600,1160,50000,2166.683695
0,113340,55000,253950,2116.7153825
2932,0,81537,2000,3317.4865715
18520.8,29215.199999999997,194218,1114667,28.485113
21140,11460,1075700,398000,476.400065
9000,109800,228233,859744,20.4918445
0,19596,2000,100000,1672.4942415
40,70140,29272,170000,639.673843
0,0,150,183304,1872.9930995
0,0,416,0,3526.502606
0,14400,50000,60000,1026.3484935
283,0,308876,1479325,21.4512805
26561,0,1762790,1004000,105.9643265
200,0,1100057,204000,54.7910515
0,0,2500,350506,812.94862
10800,0,933000,462355,26.0054305
7500,46300,81982,313300,1416.531509
19964,0,323000,1813502,24.558154
10000,0,4646718,1400000,14.540169
3800,0,9500,240000,578.9809065
16350,0,41061,621061,60.105335
0,0,350000,1039040,5336.451813
171860,154240,3247400,4312000.0075,42.585774
10410,30690,50800,194287,2560.1046945
0,10200,4960,136211,3398.088695
2118,4942,126361,554758,22.1072145
0,0,8000,190000,2412.63454
0,22344,1,128000,1061.568015
0,0,730,91182,1872.9930995
0,42768,924,230252,558.787323
16500,40000,1600000,1278000,34.9147275
2800,68988,320254,210000,1074.32802
0,9372,400,100000,1988.7635885
0,26880,5000,180304,705.4449895
0,11124,0,210354,746.8096135
6,0,50000,74040,6086.196659
3600,8400,875,0,843.6066155
0,0,2,0,1190.1757015
500,69600,128200,123000,680.7764765
33750,77000,201000,1117658,2023.107683
0,5976,32,0,3001.920488
27870,0,762000,2403542,13.772381
84000,112000,3240000,15220000,16.4505605
476,0,9000,360607,891.175358
0,0,56000,356301,1305.8134955
0,25992,6000,54091,1879.199016
18000,0,480000,762054,4.136925
38500,0,1162000,3250000,28.3493925
0,0,845,180000,3139.3505465
0,39600,4000,0,1480.796324
0,31200,36600,105272,556.030286
47331.5,123973.5,430000,585000,1435.4466845
2000,0,2500,73524.32,1437.014995
0,59796,31000,120000,1420.140003
31800,0,10600,1065000,369.0112375
0,30000,900,46200,1102.3519655
0,12000,90,46670,3.6063905
7500,17500,21000,410000,854.9449355
26400,0,10000,291618,22.6476025
2000,0,24029,141838.66,1001.5521355
6000,39020,500,136320,1310.188823
7800,0,717100,2420000.015,34.4300055
60,0,70370,265508,885.5958425
279,0,12000,88813,991.63805
8,24240,28000,84932,9005.6156845
0,0,5520,165000,3189.273715
0,0,60000,350000,1562.3749905
3840,91392,9000,271200,1921.8010555
0,0,800,150253,2104.468413
29600,26600,156400,1626000,316.6143165
0,15600,3000,0,1506.6209415
0,0,480708,1129902,11.574327
16,13404,30000,207441,1093.372888
26520,62880,165000,444658,3.171281
6300,16080,50340,135152,869.5570865
16200,81996,30000,420000,647.511291
9900,4200,17717,337553,1806.447457
415282.4,908701.6,1493628,34125000,14.109395
7980,39180,31500,392000,4167.8765535
0,0,7150,120202,1253.360854
60000,0,510000,4900000,9.3413655
1000,0,56000,11966,2175.884545
300,15600,98000,120100,3014.525072
0,23892,1000,154327,1728.428372
45834,19600,1131735,2065461,31.7939425
0,0,1000,76000,1763.6756635
400,31764,68941,270000,674.7907875
0,0,12070,120202,2504.8988475
36000,14000,1590514,2209999.99,17.739335
0,16800,1200,20000,3269.1133975
139778.8,45217.2,1190430,10000000,29.1078815
0,0,1200,97000,4867.616499
0,16800,1052,0,2338.971883
51200,128400,859775,2927678,14.152905
24200,64596,355000,941000,27.6257945
0,0,30000,102478,21.4512805
0,4200,8000,0,957.0111295
0,0,0,83840,3421.255203
51493,37692,1939759,2663180,21.7577725
49696,0,6242629,1850000,15.705962
200,0,50000,100000,515.5822725
0,0,50,0,2640.327547
0,54000,62300,175000,1171.4491375
3647.4,8510.6,256515,541504,1409.6633665
120,18000,2000,480810,912.753083
78698.8,48997.2,8137945,2854013,21.1158285
88,14304,145159,180000,208.446141
0,27168,23419,60101,840.132775
0,0,0,115985,1796.151255
4003,9720,540000,1600000,4.7593995
0,16800,25000,57850,2392.224716
0,13200,0,0,1554.4676735
0,0,13430,350000,1562.3749905
3000,32244,5976,398371,410.6116285
0,0,7638,427285,34.6552915
4500,10500,77200,110000,1763.1214395
0,15000,3500,145000,803.012282
0,12480,6031,22500,5557.7460775
0,0,600,15025,597.379988
7512,30568,1418,0,2325.894168
0,0,2425,72145,1365.0505885
222000,302000,1630000,5220000,28.294032
0,26400,100748,132223,774.7470795
25400,0,88000,2872000,73.09752
0,54600,1440,207446,1882.585578
0,0,308500,366617,16.865237
11293000,147000,398220000,33000000,12.4743255
0,0,18000,80000,390.449678
0,0,4028,116953,585.874851
0,0,12000,180000,2804.7075235
500,0,70000,105207,656.245326
2890.7999999999997,56029.2,3263,0,35.68159
0,0,1400,32000,7641.765722
0,14400,5036,178000,1077.254041
0,0,19645,115238,1097.494212
7899.6,7232.4,1200,567034,1327.124281
250,0,228046,180000,46.286672
33600,0,20000,1090000,8.8709355
48000,10800,16708,2995000,15.5564795
66,0,2280,480810,1090.972481
0,0,30000,373498.52,1613.6543965
7512.6,9528.4,180000,265800,772.566427
0,9432,20000,285179,1016.9039265
20,38400,54900,170000,972.6207815
0,0,520,200000,1306.893786
26400,0,88819,833000,21.4512805
1664.1999999999998,81353.8,5000,1230000,1491.1193615
3900,0,76000,814000,312.0157275
0,0,116000,248922,1733.658447
0,15600,90,50000,2578.0685175
0,10884,42700,197000,2366.7052675
10000,97920,258094,600000,20.3140115
618,26628,1900,162000,2382.3990095
0,0,14722,54508,3407.5157285
1900,11280,2000,50000,1337.850816
0,0,1199,210654,458.5694125
21600,50400,414000,93036975,10.0853625
40,0,8000,90166.5,1403.593054
0,0,800,180304,2259.3051415
0,0,8075,79000,2251.9273015
40000,0,523000,650000,1973.6081485
183805.1,108147.9,5622781,16513004,9.210373
27581.4,64006.6,1589000,1573379,33.33067
0,0,38075,440000,1744.1360025
50,69840,883587,873000,70.8612365
13922,0,813500,36945396,8.190071
14400,26400,670068,1083027,14.50464
0,0,300,60000,3553.71406
9900,0,114704,612712,37.623971
500,74496,317000,120202,947.9915125
0,0,1000,80000,2640.327547
0,19200,13000,156000,1175.542101
54600,127400,120000,860437,21.4512805
0,0,2000,42520,976.323042
0,0,5000,117920,868.600494
10000,0,208000,406000,18.5533965
19800,0,50668,164040,99.8980485
0,22800,18160,55310,2620.406111
4000,0,180000,226000,1288.7223465
22746.6,53075.399999999994,20000,350000,584.42334
0,0,5000,102000,848.26439
5668.2,13225.8,150000,900000,847.764264
0,46656,2500,250000,1104.0779305
0,16800,1247,600000,714.1329465
18072,42000,17000,265000,1932.3795385
0,23988,6000,120969.77,274.511202
0,43200,151991,321638.8,570.5013665
50,52008,45000,275000,1147.1193815
0,34776,3370,130192,1362.0044315
5030,0,42000,100000,36.3414925
14081.6,32390.4,127000,418292.5,838.1883875
7518,10500,315000,9870000,22.7918775
0,0,10000,158507,818.079384
12000,0,21065,204919,1498.3027815
0,18000,15005,331417,626.9382025
2600,0,156000,196008,783.456108
23023,0,81550,1109862.5,26.0054305
4200,32192,60000,116341,574.7832735
0,0,7000,373000,18.5533965
300,0,229290,500000,69.6083535
1200,0,3000,20000,668.3532
0,0,300000,610000,21.0287925
6000,0,250527,90152,12.7524465
53000,42000,250000,2840000,28.9884355
0,0,400,0,2019.85747
3955.5,9229.5,3000,164812,1239.9350665
51332,0,1983000,1022000,21.4512805
4200,0,186000,340557,3431.7497705
381,0,58397,2000,32.417028
35000,62999.99999999999,480000,1902107,21.4512805
182,63696,94300,390658,660.6860915
46200,0,181995,1771214,13.772381
0,79800,8300,634000,1800.5281805
931,28956,27000,196920.48,1597.6649705
0,50400,48000,0,2688.228652
34000,35000,1548000,3936984,26.0054305
0,33600,13000,0,3056.2866525
3600,32400,5000,122600,1122.165854
105,65796,70000,170000,1942.0744305
9219.6,35036.399999999994,62324,261188.5,850.722194
0,0,22400,400000,1183.607753
92000,97800,3399000,1060000,23.0179975
450,18600,64000,0,1999.809946
1,28704,10100,130000,1637.027133
0,0,20000,0,1049.3491275
1,60000,21000,106000,540.289095
0,2700,804,0,1899.9508415
2800,30612,9486,159488,1591.269787
42000,98000,320000,893000,935.24448
0,0,256693,514627,9.9497635
5624.0999999999995,13122.9,13067,25000,823.742822
0,25200,183000,501087,1182.4174135
55500,87500,431000,3032000,20.627228
300,0,808000,676425,20.8259865
2550,40150,30000,196000,2358.6648435
5400,12600,12000,280000,1658.121654
0,26400,23000,215000,1022.34128
8800,21600,1740,117500,2463.901959
23709,0,29500,3082196,32.417028
6160,26640,93000,32000,1250.559888
100,51216,16182,143323,1391.9057455
80,99864,107900,528388,1637.901422
5200,0,1834427,1393202,21.1158285
18246,27700,113977,684823,28.3493925
42500,0,3041161,680000,29.1078815
0,44916,12354,480810,31.3375615
7200,0,2683795,1083097,21.4512805
0,20400,8934,0,1310.403992
21700,71640,73000,4149575,11.254477
2000,0,610000,680304,18.5533965
0,5160,2500,55500,1176.1709205
0,9600,1500,210000,1745.3961005
20100,14000,410000,907518.5,13.7165965
48,0,18000,120000,2640.327547
171302,317800,557000,8852400,49.7780715
0,26400,4000,170000,1666.9027125
36074,0,205124,207568,18.2444775
960,66396,122700,695000,2974.8345065
0,27600,2700,180000,1007.112954
0,21600,87000,601000,1320.9247785
10,111600,17800,258172,1729.499107
0,25920,800,68100,3341.3480845
20910,48790,1556666,2700024,13.4764545
216,0,238000,600000,868.017445
0,41592,3000,132000,1463.975406
39928.5,9166.5,1305000,9979101,15.4115275
0,0,0,72121,6030.0471255
200,27600,53886,0,1466.5931025
0,24000,1000,0,552.8075715
0,56820,38100,230000,1032.38354
0,37536,35106,643781,26.4758485
900,18000,78498,189726,508.053458
371900,0,11358000,4208000,17.6621805
20000,0,196000,1005000,34.6552915
33033,0,533862,660354,27.800999
0,32400,30000,270455,1002.3879115
0,0,10015,51000,2903.6227705
0,47484,782,0,2231.1537065
4578,7181.999999999999,110000,143646,770.8775905
2960,6720,10000,693588,1409.6550165
41400,38268,830000,688583,41.5805255
0,27600,4000,69310.29000000001,3141.871283
9000,21000,20500,430000,2901.201818
39,15600,40557,74658.5,776.680622
0,29400,34000,891316,10531.966337
0,10800,322,0,3118.152423
0,14100,14270,187943,969.6510885
100,36576,73500,700000,1233.9573825
0,0,500,66000,1836.6537725
0,0,9116400,281081,11.45406
0,35160,1862,250000,4882.5816145
2600,0,90000,190000,1788.6018015
631000,0,12905000,29131508,23.161794
0,16800,25000,151000,1909.9814295
5400,12600,3406,77471,6111.824085
2500,0,6600,269253,3633.9724925
0,22788,3000,0,1800.775557
33600,43400,830000,861150.3000976562,26.0054305
0,0,14632,469056,3753.605381
34938,0,1096132,6435191,18.1895885
0,21600,2200,114000,1373.146525
0,0,3079,119843,1267.0922575
417,0,426425,438942.75,1562.3749905
58,26400,36270,138336,3263.410199
0,15600,6765,5450,33.360591
77,41712,84867,146613,1411.5119555
0,0,6000,0,6083.0098555
0,6408,500,0,2886.8022945
0,4200,15000,92040,29.2483105
120000,23796,463800,4152500,12.5349745
43200,144192,160000,4450000,10.5192715
115,0,145000,274107,330.6828335
25586,0,5542,497573,17.133975
16800,0,2500,1384201,26.74006
0,58200,3000,163000,2864.7158005
15000,0,500000,3360000,18.836233
0,25416,33559,127000,1208.725318
12100,28000,490000,1042911.15,41.5276385
0,5748,3500,95230,777.493957
5280,0,235500,646000,54.517456
0,18240,502,151000,2792.719105
0,9600,0,0,3041.332883
34200,104200,1105000,6533000,32.626135
0,19032,4000,300000,1991.7669885
0,38796,0,0,1183.607753
3720,0,40000,306685,1142.1734245
0,2436,9620,550,1714.294101
0,0,6545,72720,1566.4461485
780,16800,189000,160000,1080.648353
7500,42600,1900,80000,27.9563955
6120,14280,177000,90152.5,1701.3249825
12000,0,6000,622729,187.468818
0,33420,11000,179531,1385.738578
0,0,1500,260025,955.369489
5400,34200,4000,317048,1930.2880865
18312.9,71530.1,70456,260000,1562.75202
0,22800,620,120600,990.7792825
76598.79999999999,99397.2,785039,4612349,24.1461765
0,0,0,0,5808.0663625
100,0,1200,54991,1022.2495465
0,24336,200,60000,1626.511906
400,75600,27934,345000,1674.5018845
0,16188,0,140000,1068.946031
0,25200,6000,60101,665.1370635
0,29700,13683,240504,1324.8741795
7200,0,166766,750000,37.890365
0,0,6553,0,1491.548889
0,17820,6164,96962,2532.1033235
0,15600,1030,0,1491.755491
1200,0,500,194583,1946.4168325
3273,0,150,0,1026.325121
0,0,159,2506,765.3830955
23400,37800,82000,940000,615.753881
0,0,600,24040.5,3980.4746465
0,0,600,100240,1681.2327815
1038,0,12000,69116,1969.371761
37000,0,1342000,1331600,3.256719
30100,0,27870,3560000,31.731992
14,10992,26000,413523,1128.557734
0,3360,300205,234060,1355.95625
1133,0,242750,190000,979.224726
3600,0,350,108121,1562.3749905
14800,0,1085000,892024,21.4512805
9100,21000,179000,262283,3502.7524335
50,39000,51000,0,1328.7712835
0,9600,700,90000,2239.9689285
0,39000,14700,220000,1334.6691845
0,0,6000,75000,607.2928055
0,72000,19000,250000,1455.4672335
16600,8400,915000,2160000,49.271789
0,10008,7772,96162,1921.3667665
0,14004,4140,95853,2467.727695
1200,0,2885023,1365000,25.681459
0,0,12000,60101,1306.893786
0,0,18000,8182.68,1732.094046
250,137028,30100,286130,2538.838881
69106,0,3100000,2050000,21.4512805
133800,312200,1100000,26259737,20.686844
0,0,571,120000,1545.5214315
0,0,81457,356309,439.0658105
1800,35280,5000,105000,747.760519
410,0,49000,121000,1135.203087
200,78888,3500,428500,739.4190875
0,0,28000,189304,1566.4461485
7500,44104,42653,477814,2193.1634695
0,0,100000,500000,11.9726725
0,6192,10,0,3735.293941
0,41160,26000,115000,1113.1142315
80321.9,69071.09999999999,589600,1990000,22.771056
0,8760,180304,0,1379.192825
100,45000,97000,110000,5113.1633375
260,57816,73274,102000,1156.5446475
30051,0,623000,1443631,209.5855825
1500,33600,228000,390000,550.2660785
12020,18000,14000,140000,875.2266155
1500,92912,24100,340000,1564.564456
6000,0,5000,466138,1683.6596535
0,0,14000,90000,1306.893786
0,14400,14600,0,1951.4158355
0,0,1000,150000,1582.9096235
0,23220,1000,150000,1717.9532515
8160,51000,1000,220000,41.2589325
6761,60000,397893,850000,108.95481
615,0,20500,120000,1613.9452725
0,0,10000,100000,8046.391998
0,0,45076,100000,1873.8084495
200,38400,97850,200000,3317.4845765
0,0,3000,5000,3146.006129
3,0,36000,147000,1253.360854
6090,0,600000,647227,374.81116
3000,0,2052000,289015,13.772381
16,0,9500,84141,2329.979158
22,66000,127000,251708,2215.8884845
60600,60000,220000,2100000,31.6698735
0,0,0,30000,1357.952022
57983.7,31327.3,362679,3647912.005,28.339446
0,0,500,0,1154.7415125
0,32400,30,90000,5096.7173425
0,139992,1105375,1347725,31.1946255
0,14400,100,131109,691.592774
427,41328,99697,310000,11.551548
300,0,40000,400000,647.583733
11200,0,140202,655050.5,87.645166
0,0,0,24000,1761.6557995
9000,0,626121,861101,743.1277025
0,31800,3883,33000,1806.409977
0,0,50,0,1572.603488
0,2052,5000,258000,3481.1471985
24154,0,75500,7896014,1562.3749905
10,15600,10000,270000,809.073478
320,18204,40000,386500,852.3116085
0,0,15000,27500,1017.3755835
0,62316,5060,140000,2772.911384
0,41568,7435,10001,2568.9355635
86,0,583,224722,35.6867495
0,0,23181,174855,649.258695
0,23724,100,0,3073.8985445
42800,0,36894,1603158.71,1031.782164
64,0,6768,496372,3037.7739355
0,104400,1245700,1600000,26.8685755
8,31200,224909,450986,147.658621
0,0,11000,258435,26.74006
68241.1,18729.9,81634,1384510,937.540412
0,25092,14223,236194.88,4529.71665
12000,24000,614000,1195000,8.520079
7024,0,75000,650000,1629.1063825
0,0,3000,0,2364.223023
900,44796,403650,1200000,642.6908075
228000,237720,872000,3945000,11.2817945
540,21600,28436,95941.8,23.273895
24000,0,22000,820000,3683.498355
0,0,0,30000,1018.2419905
0,52680,27000,322000,4077.1125235
0,0,6000,116034,2306.8377225
0,37200,11900,125000,15120.0571865
13000,0,757000,200000,346.28467
0,65208,36000,193200,1910.3115245
0,37920,10000,37000,2042.1438085
8000,0,20000,6544578,60.658203
0,22200,400,0,1309.806191
6600,0,205731,397000,93.085122
3700,23796,40000,27248,2924.02759
0,0,250,0,1306.893786
0,30000,1000,80000,4144.4895835
250,31992,62600,60000,5224.4221295
19200,0,2990000,2286140,29.1078815
12,10200,187480,5500,1278.261123
0,18204,40200,108000,325.934101
0,30000,10500,286000,1730.7783735
0,0,185000,913538,15.596378
0,32400,0,200000,1586.4314565
0,30864,200,0,3195.4189765
0,35004,18057,350500,1352.649651
0,31908,1293,225000,587.317714
0,0,67626,353500,1704.6332535
0,0,18000,223002,1502.0548645
86500,10500,3432000,5125000,3.744752
50000,0,1400000,660000,39.8103155
1010,21600,236700,216800,1131.515136
45200,0,2650000,3380000,24.207393
5000,14400,43511,254260,2151.511463
236500,9556,61020,46526512,19.5838725
37989,119400,283484,3332168,27.444084
0,0,7000,362256.02,1679.105666
0,0,32000,70000,3956.935531
0,15600,10,0,2235.2793865
9053,21000,49510,72525.75,523.037126
195040,0,460500,400500,1253.360854
43800,0,4070000,3360000,13.772381
0,39000,145000,111000,731.3781875
7200,16800,4000,260000,1576.3757225
6607,60204,51550,267653,3360.403494
24000,0,229000,1255000,12.099
300,0,279000,292595,1253.360854
80,0,3000,625548.1,1674.8467655
2268.6,17533.4,31300,321821.17000000004,1596.3945075
2280,27792,4000,180000,3783.2234185
22087,15119.999999999998,58397,730000,26.4676435
1878.6,4383.4,11119,76038,2568.634531
0,0,3564,105108,776.4927135
7690,0,165000,875000,391.9659385
24000,18600,575500,1275000,59.0579205
100,0,19000,207000,1944.630621
161,0,522195,700202,26.74006
1800,4200,2500,4000,1888.2154
43320,134880,151000,1135872,49.4709215
21050,10500,59994,644796,6.705908
9590.8,16429.199999999997,157800,922715,4.236891
0,20448,7000,145500,2014.7495295
34200,83500,111000,972577,8.741737
0,45144,14914,120000,1564.317089
19381.5,56023.5,13895,309548.7,946.027477
3874.5,9040.5,133000,330469.5,17.373682
0,0,107000,306000,804.958318
0,18000,400,0,3064.06144
0,0,13674,30000,1602.9275935
0,22800,7000,266905,1248.6386825
0,0,5000,301657,3487.070057
10204,0,556759,713783,7.2877435
400,0,71000,300000,2483.572078
200,0,70010,156263,7280.1395445
19,16800,70000,180303.5,1468.3109
5,25068,5500,177000,1144.1717335
0,0,6000,165672,1120.5148595
0,0,4200,75000,862.5237145
5100,25600,30500,0,1516.546444
131,0,162677,120000,29.1078815
0,0,102000,790152,2.4839635
1200,51792,8000,145566,1416.531509
117000,0,3500000,2444000,15.598945
5467,0,119921,184466,203.417125
26800,0,231500,3455000,256.9920695
11250,26250,245000,1890000,13.300398
0,0,600,0,2005.08878
3600,8400,50000,454786,21.1158285
360,0,7000,161373,2755.3141195
8790,20160,260000,688095,32.417028
0,42000,13474,772836.11,1923.4961845
0,25632,2772,60000,2172.4986145
448905.1,347421.89999999997,136000,6740482,22.1299275
0,0,1200,471093,86.9316405
0,0,195000,295455,58.16639
8400,0,73694,1233009,111.526063
120,40800,56000,120000,2319.5738125
0,25800,12000,130000,1111.82442
12000,0,512000,1102839,35.9312815
56000,0,180355,1600000,21.4512805
0,0,50000,24430,2943.3806185
0,22200,600,384648,2101.2569945
7777.799999999999,18148.199999999997,9000,72121,557.557948
128450,150000,942000,941250,29.3466705
0,24972,2420,36061,2482.588533
24920,44880,12200,430978,2316.2331455
10,55596,44000,201871,1616.0824
3000,0,198000,515506,651.0498
0,21576,9228,107911,1914.014561
600,0,112000,400000,43.544078
0,5544,0,28543.01,2639.5362455
19200,0,50000,1864242,25.681459
0,0,3000,272078,1253.360854
6000,0,10,48003,2175.9313615
442,29004,8399,1000,2104.4917715
72457,57600,640000,4910000,21.183492
32339.699999999997,28559.3,1198500,179300,38.54386
0,0,300,78932,2003.496654
0,10632,4000,74916,8295.108309
114880,35000,215000,6905708,84.460726
0,0,5500,180303.25,3434.8081815
24760,43788,75030,9000,2433.473553
0,0,11042,123159,1568.7731675
0,19800,30000,116000,1501.915189
0,0,1012,279906,837.1505735
2240,16060,37000,441500,2665.4692895
0,30000,20825,150253,1438.534013
26600,0,263000,654450,1077.332188
60696,0,1513986,3143691,17.006936
0,12000,80,0,3682.9582035
0,0,130,0,4155.7612875
285000,91000,3550000,4406564.7,15.673433
6000,10800,22044,195421,43.60479
0,12072,127,93000,5389.577994
0,64440,150200,250000,1124.5601095
37000,217800,256183,1750000,41.966088
1600,92640,212306,0,2374.1001315
25,29952,10400,191785,1310.181999
26900,33600,369087,261313,54.517456
22,38196,23000,92123,1393.8236015
0,0,40090,150253,1908.7643435
500,0,5150,0,4544.516794
4210,28440,330751,692342,1129.890392
3538.7999999999997,8257.199999999999,32016,90425,1787.2932645
0,49956,53620,0,3347.105751
5881,13713,25200,651961,586.5090175
2400,30800,44961,1120000,848.9669925
600,0,21200,280700,1629.1063825
0,18000,6989,325262,143.71258
19510,0,620000,225164,47.2558565
0,0,23700,900000,719.6114345
20700,132300,10500,715000,1394.045155
0,0,2000,73121,1952.6509695
3240,4800,40000,95000,457.048637
22800,0,55000,584020,1386.7518875
127000,35000,755000,1651223.25,36.557066
0,0,60,0,1339.7136215
0,30000,11000,200000,1135.4747285
100,48000,16300,180000,806.6266015
0,40092,38500,138233,1536.199512
1800,0,350,188000,1005.457396
7800,0,1400,900000,3239.8988535
24000,98000,87000,1807905,140.659887
5500,52500,115000,300000,1049.5911335
50,0,41000,1160000,44.3093245
1000,24000,7990000,1825000,20.840914
0,0,326,421308,1188.5586995
0,18000,11000,86060.5,2917.6850345
19400,186792,890000,6381823,22.9151585
2700,0,170000,30000,1160.4987785
0,0,152000,245667,1384.774338
0,0,22061,0,1881.915812
0,29184,1550,125000,1876.1048885
1,0,15006,69116.5,1629.1063825
0,12000,1337,0,1652.9822965
0,0,10000,108000,480.306765
0,42720,12000,230200,3692.1010775
5200,0,710,119723.5,177.155661
0,30000,4000,280304,1527.271542
0,0,41933,0,112.148433
9960,0,83000,762000,52.237372
1000,0,501495,1278001.88,7.737833
0,0,2700,106966,3492.58381
700,170532,185738,501500,755.8132015
1200,27600,18000,72121,1969.7697465
6021,0,233008,757275,43.297179
0,0,2400,168000,2640.327547
392075,0,615000,634000,31.0211435
9900,0,4000,767591,1342.946735
5000,18492,450000,348000,23.765931
7380,17220,1200,302000,330.4224995
420,0,30175,70000,2465.2410365
9000,0,220000,955000,59.6169105
222000,52500,9808000,7140000,17.0796625
0,0,6000,120000,1188.7468915
15100,65000,139000,585000,1347.0261705
38901.6,199970.4,38933,500000,437.294719
9639,12600,653000,1279081,21.4512805
3600,8400,2000,0,1853.2254835
10040,109596,15000,650000,1542.540779
9800,22500,26485,604293,507.6376185
938,0,125200,345020,803.28822
303300,378600,60000,3000000,3.182586
15401.2,32002.8,30500,299000,276.337548
0,0,12000,320837,1128.377609
0,0,4,48081,2467.053686
0,0,121655,480769,341.883565
10100,48744,120000,1011000,12.5655665
6,0,24640,536061,4445.759558
186500,420000,381000,1791742,21.4512805
33503,0,72000,1295825,18.5533965
0,0,5000,100385,5318.532239
0,0,194075,1100000,15.108749
0,0,0,0,2665.455773
0,22800,200,0,345.4755635
150,14400,65000,90000,1380.1370715
157000,62999.99999999999,1246000,500000,41.166897
902,11700,6448,120101,1222.7189555
0,0,13,0,3203.6003185
800,16800,6000,249600,1730.267866
0,0,19274,130000,2397.126032
325,0,60547,243972,516.9329145
20,0,9000,0,2540.475096
31767.6,9724.4,64857,372324,2518.269298
0,0,1009,75126.5,991.0885885
0,30600,28800,150000,1516.445466
29563.8,68982.2,17416,292910,501.9875875
14200,8772,476497,250000,2724.553646
0,0,1000,22538,1234.161425
0,0,1800,39994,3987.9958255
0,0,51040,585000,20.988038
0,0,44000,29800,1885.8929945
2032,39320,29000,0,1846.154427
3837.6,37274.4,15223,725501,562.458702
10200,0,206194,1173780,935.340389
23000,24500,361000,1395000,24.248354
0,21432,3454,670975,1922.951616
0,9768,1200,0,3549.111025
3810,91200,155800,250000,755.978466
0,4800,800,0,2689.158159
0,0,2365,0,2264.613435
0,0,18449,190000,1610.3936875
600,0,198012,350000,935.340389
1800,4200,10,600,2912.965342
0,0,448,258490,1253.360854
0,0,1659,1444,1088.125081
0,0,2440,49850,7163.147533
2348,0,168528,1205365,15.596378
118,0,100848,243405,1253.360854
19000,0,1285971,1684783,14.073537
58576,44100,450000,5371465,11.2072585
8800,0,400898,390000,7.893453
0,0,200,0,3826.918499
10980,25620,10000,231000,1316.618985
0,14400,8000,58091,3867.1059695
0,0,100,0,1032.954944
3960,6720,470000,525000,5508.447362
31868.2,85575.79999999999,223500,10635000,33.6991435
15580,4340,350000,6070000,8.3282495
63500,0,866000,1290000,156.884187
15647.4,54510.6,1000,710000,2258.120817
0,0,2000,1824,1077.332188
4200,0,11000,140500,1952.6509695
0,23400,100,70000,11689.4272635
0,28740,75000,40000,625.8593315
6000,0,4360,500000,27.800999
0,0,600,0,1330.2692445
0,31368,6781,166487,362.696179
11400,0,1461000,716036,11.45406
21300,700,500000,981000,341.7290025
0,13512,9009,168253,1469.184103
360000,25200,50000,1323405,15.9143185
0,13236,500,282395,1011.053802
27842,0,1178087,1064000,10.745541
1200,40000,75921,578474,2559.846981
40,16260,19500,140500,1730.267866
13580,67996,140000,637000,1397.1060325
2500,0,936000,536000,47.2558565
0,0,158,1000,4500.898803
0,17436,8710,0,1644.075008
40950.4,9217.6,507309,2265558,8.2749085
8500,27300,34100,784315,5.8260065
0,0,1888,72662.12,685.1696725
12000,0,119369,1047742,1838.194772
3600,8400,21989,353905,2113.74388
180,9600,14000,89000,2292.864447
52340,76860,371700,1691334,9.3180175
0,0,1122,0,2118.1107025
300,0,30000,120202,1253.360854
20400,11200,1197000,1319000,52.360032
0,33600,14600,159836,1883.4393025
0,34800,900,0,2054.446442
0,16320,9192,131800,1331.556054
0,38064,619138,586855,26.0054305
0,12000,8,0,1990.499463
0,0,70000,301869.5,722.645298
22200,0,634924,1009489,8.2749085
0,11748,500,160000,1801.609267
20,135480,71700,250000,1535.413935
200,0,100000,43000,5383.0873865
2400,28800,52000,595000,791.864224
4800,13200,0,0,2448.827354
0,13176,2500,0,40.7317195
10198.8,46201.2,121058,643000.003125,4513.3910925
0,18000,30000,0,1612.837663
180000,0,9050000,1650000,5.639059
0,1920,11027,144242,1830.451828
0,43200,15000,320000,557.945175
14936.4,34851.6,70000,1115000,37.3153235
12,14856,4255,8500,1267.358751
900,0,1079000,0,29.4228755
87000,36864,458000,3514699.5,789.3241745
14520,141600,252000,2415000,6.109152
12000,0,51000,951518,17.4855155
3360,66260,166500,257100,761.9375135
9188.6,42896.399999999994,2200,424214,1003.7502135
15,40800,48387,215000,1391.9057455
46000,0,550000,1500000,14.603755
120,0,86392,92000,876.036982
60400,0,350000,4702000,674.980587
0,37200,4000,160000,4001.536658
1200,0,35000,150253,637.298067
5000,0,33623,258599.5,27.800999
51120,0,1780000,1866000,11.45406
0,0,2500,220000,404.2266975
0,44400,5000,200000,1091.0333145
33348,61680,521500,1221000,31.10812
0,0,14,0,2821.396677
0,22692,5000,134584.33,2021.7736185
0,19512,6500,141081,679.988554
60,140,544,0,5452.167529
0,17268,25100,102000,2004.485108
0,13380,33099,0,6913.9917275
0,0,115,200000,69.668557
4400,17492,411560,606167,32.0532055
0,20148,12000,54000,1671.1132485
300,25200,102500,185000,1089.647577
0,56880,65208,1191173,33.005141
200,38400,25006,220000,2514.152835
0,0,12000,228315,1107.1994815
0,0,15,0,2640.327547
11000,0,650000,1340405,9.9497635
0,0,1184,132223,2640.327547
56000,162000,675000,13127002,4.000196
2103,15360,309500,20000,634.5214895
75729.3,54701.7,12639289,9277689,2.538756
2400,0,7000,427404,2734.273012
0,19620,27000,60000,1597.345353
0,40224,36305,150253,1145.799989
3,48000,15000,100000,2220.1782965
0,20400,3000,181304,794.7431015
45314.1,87924.9,187454,2149616,16.092331
0,0,200,192324,1463.4435125
360,13392,3700,200909,1131.8543955
0,0,10000,20000,3028.831961
0,0,13090,81577,800.312543
17103,38000,50000,422374,2202.0276045
0,11208,3300,75000,3889.265863
3000,22044,4500,240000,2703.6802395
6000,0,4000,350622,2247.886116
5,42192,9000,168534.24,2081.954196
12,0,3300,72238,598.107035
0,0,5000,112500,2281.3645235
0,37200,6200,90000,3007.38192
33160,49440,1560000,7050000,11.9817555
0,0,8600,0,1951.4158355
16335,21680,19040,261500,1343.129498
13024,0,75009,319796,1563.2738155
0,16200,625,40000,1061.0217925
5050.7,11738.3,28334,271800,2206.4591985
0,0,2587000,1150000,21.774512
0,27600,8000,80000,12342.587612
0,0,34500,0,4524.0525145
0,50400,2700,200000,4380.350132
31,0,3053,0,663.602921
7200,41028,16000,63748,2174.5411925
27900,64399.99999999999,103000,135000,886.13745
1,0,0,0,1379.977339
1440,17760,1300,0,1614.991849
66503,0,800000,3625483,9.9497635
11000,0,119419,1074242,1077.332188
0,25956,8000,90000,1514.9042975
0,0,300,60101,3150.611034
32500,0,122204,302201,7.375972
14400,44400,7500,155000,1491.755491
0,30000,5500,0,41.166897
48000,55920,1150000,208010,31.7939425
0,0,700,250000,4540.9553320000005
0,0,1180,160640,3958.5646855
0,0,900,131000,2042.070033
0,0,23,0,1689.4893615
0,24000,5000,118000,1234.161425
0,47712,103200,240000,1622.5919235
0,8400,0,20000,3119.8584835
0,3600,22000,222374,3494.3531735
5500,51600,19200,678000,6014.912998
18000,42000,995000,525000,28.755071
40760,5600,3575000,721500,13.7015335
7500,0,512745,456769,9.3413655
1467,0,4000,77800,963.194003
0,7200,19600,0,1699.1078605
20700,45980,23000,402500,1584.117457
7200,28200,32136,270100,1554.44988
0,32784,7575,117136,913.706679
0,0,12648,70000,2616.4627165
21335.1,49781.899999999994,613000,1424047,24.558154
0,0,200,1500,2462.844534
0,18504,11000,200,2201.4647165
0,57600,395001,505703,32.365962
16000,0,6000,152222,1315.110191
40200,0,760000,851202,26.0054305
12,0,272,180000,1667.8440705
7920,42480,12000,344000,1101.92333
107800,14400,120016,5400000,31.0882885
0,54984,91000,220585,2297.4448495
1728,4031.999999999999,1699,176000,1820.197838
0,5400,825,30000,3130.1954805
13500,67000,70000,460884.56,3600.936017
25500,52068,393267,540000,32.23293
200,36000,108000,115000,924.6306735
0,18000,150,0,1799.2796055
53985,0,3715000,409532,21.1158285
0,0,375,42071,2118.1107025
0,0,2000,78132,1059.2197655
0,0,513,6210,1952.6509695
6400,60000,1020000,90000,8.434652
2400,15600,27633,347645,706.1851915
13150,0,122000,804000,414.808618
500,29628,38000,196000,1202.8222205
1680,31920,400,619116.5,1760.836957
0,5268,87,0,1635.0924515
200,0,33000,613340,21.145522
7200,30000,8610,1032707,2889.8111305
600,0,72003,0,3016.018046
29000,20400,160000,179955,20.681517500000002
28300,89400,273000,1754065,13.141526
0,52800,152500,80000,1217.736441
4648.5,7346.499999999999,1500,220953.25,827.2749575
0,8400,1000,216355,960.1036845
0,27612,24000,120000,4691.0215565
60000,0,7010000,700018.1799999999,11.4014025
0,0,15000,180304,1269.930673
2900,40800,417600,521486,4493.843698
0,0,26900,130000,3676.8446335
187718.7,517386.3,5220000,1754840,15.2010165
117266,315500,94162,1168500,1438.8104645
20189,57800,12000,265000,7141.7283655
0,0,23000,265233,1582.9096235
0,0,0,0,1399.6045145
500,0,680137,739662,26.0054305
0,0,1000,0,1562.3749905
0,21000,3300,125500,1469.184103
0,21600,12000,60000,1787.2932645
0,10800,3193,542347,5246.6181765
27000,62999.99999999999,59652,200000,1070.036815
0,1080,10258,268000,2963.6798765
9071,20160,115337,231354,6264.653684
0,49200,54885,200000,1444.290798
8600,0,493594,474000,31.10812
14953,0,112387,273000,1659.3927015
150,44268,58500,287899,6865.504046
1000,37200,27000,254000,1178.115603
0,15600,8000,120202,2670.8358885
57167.6,72286.4,145761,1548000,126.935114
0,15444,140140,200000,791.372099
38000,0,1075000,960000,2240.640059
19000,58908,128277,1546162,60.732679
77500,111500,5670000,2401000,22.3823425
524.1,1222.9,3000,45000,1771.4441215
11880,30720,18000,340587,926.853115
500,0,398000,260126.5,15.553058
140000,140000,280602,2604000,370.001669
0,0,140000,715496,1097.026814
307,0,43290,20910,1637.661198
61866.3,435436.6999999999,4472026,3480000,23.401471
7100,0,7000,517000,6172.419296
6960,0,220700,786000,181.0650705
3600,27600,186,120000,590.806258
1800,0,15000,128400,1460.2162405
0,22800,450,1000,266.101468
0,0,6001200,123320242,64.3187705
30360,43400,1310000,6526824,9.3413655
37800,56800,397550,1288000,5.5475525
1000,0,119287,500000,1253.360854
11260,25200,65771,410474,3252.1651615
0,37200,0,84142,1417.478531
0,18492,1380,0,3345.0269505
1912,0,135000,1126665,80.5898005
35127,54960,45200,1795000,741.142926
0,0,16500,98259,657.7955005
2450,16956,8000,0,3410.794811
2400,0,277381,1060101,21.1158285
0,0,25,0,2085.6960845
1506000,0,2537000,512000,1346.203949
40,25620,41844,700000,1116.792168
9360,0,7000,221945,855.2230665
0,17220,397,79000,2342.560995
9447,22043,58000,380202,1276.033178
2520,31776,250,174500,1501.6934465
11440,27600,112000,825464,11.1289405
0,0,1000,30000,1365.55007
28000,62999.99999999999,257000,892153,29.390986
85000,0,21570057,851012,17.7101705
0,5544,8500,80391,1427.1795165
3144,12316,64000,345250,40.7317195
9000,0,87500,250000,123.5918155
9960,23240,354506,2867000,617.6456205
20,0,27969,660001,1253.360854
0,45768,58667,387000,3443.621152
50,46800,26000,150000,1689.5579185
12030,0,94000,350000,4137.608379
6277,0,167597,1002011,1398.137526
197000,550000,2440000,3550000,25.8322355
900,0,78500,100000,3509.892862
0,0,1205,60079,1872.9930995
0,0,8238,118978,1629.1063825
0,6000,80,49609,1843.982427
0,22404,24546,236000,1406.878071
8860,24840,48000,679083.5,1121.8261675
58800,0,28000,1529710,34.6552915
20000,0,1200000,320000,825.6336115
0,0,178000,401000,556.659797
38400,89600,460000,4103779,13.772381
0,4848,0,210000,572.301615
0,0,1000,250000,1183.607753
20020,23260,302500,1301047.62,29.0599615
40,33600,9000,215000,2110.340488
320000,0,4340000,21200000,21.1158285
0,16800,35000,96162,474.970753
14450,0,90000,446346,1976.1724335
0,18000,30000,153812,246.094843
6500,0,429000,660657,70.040361
0,10800,500,0,1465.70334
3600,39000,18510,558629,717.6163255
4,0,11000,185387,4648.1576005
0,22800,1300,36907,4678.009593
2160,5040,30000,149403,2127.608939
28800,0,168500,595000,1183.607753
382100,900000,2900020,3260000,13.9982085
0,61608,10000,204805,681.8089765
20,0,91011,930000,131.518657
6612,43236,25500,127500,1750.866687
21120,0,193000,1040709,95.922769
0,11484,300,8285,2945.225484
0,34272,3910,153000,1288.414711
10000,60240,67000,354000,1399.9407755
13694.7,9554.3,995264,816951,12.279076
0,20640,430000,480557,4.462286
0,9600,49645,199145,1408.816771
20,31464,423823,373631,80.271107
0,9600,0,0,704.2057305
18485,30720,10295,650000,726.593581
16000,0,614000,1592531,45.8036315
19700,95172,201000,664783,100.551081
0,20004,100,0,1827.655652
0,0,1200,70000,3492.58381
0,0,1100000,0,1.8126955
0,42912,28000,142800,19882.1453225
25936.1,133850.9,5848000,1452354,25.660372
43400,60000,2569686,2587464,23.150609
275869,33600,595000,5647036,12.279076
0,0,20000,230581,31.109789
59989,72000,3223166,3039000,23.7760845
149501,0,1149293,5517833.9975000005,13.772381
2300,0,48000,90000,1032.954944
24000,28000,370000,4095313.125,4.9133555
7295.5,38689.5,319499,3233608,2036.7151865
500,39540,161971,119523,1557.926309
0,0,7300,0,2172.2489515
189827.8,255840.2,205000,30515482,22.6949415
3840,11400,22200,463000,786.846684
11400,42200,90000,462000,1165.01725
1200,0,14390,1281876,485.165605
35800,51000,490000,3840000,20.996713
5141.0999999999995,20995.9,586,128744,458.7730635
28734,0,580000,1180000,83.61626
0,0,990,240405,1306.893786
0,0,18000,150000,1566.4461485
18700,0,298000,439069,3023.334428
12600,29399.999999999996,830000,975000,56.8089495
150,64800,165000,362000,1923.1164885
0,15900,16000,87147,602.255723
500,0,246000,131000,2744.1114345
0,0,46000,420708,1123.751973
0,44400,4712,215000,2375.879481
0,33588,900,310354,1762.646619
27000,0,216894,1382914,23.006512
72000,0,211430,1745255,26.0054305
720,0,18000,230000,1306.893786
0,0,13000,212157.33,2640.327547
2805.9,27751.1,2040,60273,1175.542101
2400,0,10300,500000,56.292601
6219,0,72800,480810,93.4527445
80,84600,60500,4000,3666.855591
0,31200,2000,150000,854.1885365
0,18000,0,64690,1271.611097
4800,25212,17200,740202,389.8856455
13000,0,169000,312517,124.066746
104745,237719.99999999997,910000,6618101,18.4560885
0,19920,5000,265000,3610.8848555
400,16692,36000,18030,1730.267866
0,0,6,0,1819.527341
1280,37632,33200,228000,12784.3469155
0,0,20000,310277,1700.955308
0,0,0,162344,546.63976950000006
12000,0,1453254,2237662,13.2995775
65300,141048,8177000,1750000,20.9713805
200,0,9100,7500,1730.267866
500,0,920000,251938.72,1828.350226
1110,0,160000,1970000,1253.360854
6150,0,350942,348950,160.6068
0,16800,800,0,1153.879034
0,0,780,60101,1233.94881
50022,0,3481365,921999.995,21.4512805
0,0,9015,10818.33,2111.0405005
0,18000,4200,120202,1802.7853395
5400,12600,13000,140202,3532.1433045
6240,54996,102000,616653,816.257788
0,12000,1200,110000,1327.9332665
7800,0,72935,1135337,3385.056472
1350,28332,100000,283600,1391.9057455
0,0,25000,170101,1306.893786
0,11400,500,198,817.839237
1200,0,0,0,604.0806305
0,49500,1700,91323,2021.1466995
105961,0,300459,850000,24.771747
15,0,16000,306054,3302.370696
0,21600,7000,36469,911.7471555
0,4200,300,21000,1160.8047945
786000,1834000,5060000,37300000,26.688838
0,0,14000,185202,592.588701
0,0,0,0,4503.38339
506,0,95000,167989,4747.323183
0,92400,98269,225000,343.9252135
31500,18204,18934683,2807191.5,16.615241
5,79320,145800,296010,762.215809
79898.9,122194.1,952444,9832809,15.423398
18000,99600,60000,3500000,17.1162315
2000,58272,30000,639012,115.5023335
0,39180,30000,80000,3564.0854815
46936,75400,1185000,1490000,12.024955
800,0,220115,80000,1790.769675
350,17796,100681,324108,1287.900774
628,0,74000,96299.5,1563.327677
0,0,3000,100000,808.5188455
0,75000,11000,200000,1456.186443
0,16800,6000,425000,2403.304408
0,32400,121314,150000,2160.0028825
37600,42000,2824000,12000000,21.4512805
0,36000,35020,299887,27.717094
4520,39900,69000,600911,1104.5887795
0,48000,100000,0,4284.889283
84242,0,1065000,1292607,97.7374675
0,9000,3504,0,595.1765945
7739,84600,23820,1494008,177.5499625
0,0,2000,247928,2221.783166
47800,109200,485000,5757000,16.63892
0,34800,18000,190253,1108.3850955
44800,114792,250000,2340000,28.853831
338400,0,1305000,4020405,12.7524465
559,0,8000,233400,995.557232
52567.5,54257.5,63000,1973842,176.9046435
0,0,27896,157224,2086.7560475
20200,0,1109900,610711,11.099514
44000,0,1996000,761214.5,13.1627045
40600,35000,994812,3750000,9.024227
0,0,213152,358783.3,26.0054305
0,0,140,291682,1176.984859
17400,99600,174000,850000,65.2435655
38444,0,900000,3048182,38.203999
15014.4,274865.6,89758,729376.78,1753.850312
80,44784,27400,240000,1438.534013
0,6000,5379,405000,1566.4461485
14320,100836,4594976,7416027.5,9.322823
2000,0,165000,378936,1253.360854
1,48000,30000,210000,1944.2952535
0,0,1488,125428,895.063847
0,0,20500,128036.4,1071.0536155
0,30156,200,69853,1275.3210815
0,0,3676,200000,867.7763605
50000,0,175000,1640000,8.6113685
21298.8,48997.2,609183,1847776,84.4087035
26438.7,5690.299999999999,1010000,3370000,9.50846
0,48324,4312,90000,4629.8396095
12500,0,256120,1800000,12.6793705
24320,0,336557,777671,100.253594
81700,100800,104000,2715000,2248.2953
52500,0,66663,831556.2,1056.1044985
36000,0,803875,1640000,13.772381
100500,0,1530000,1961620,21.1158285
0,57804,40662,353000,1938.2442555
838,19200,301889,399672.5,1175.54682
3,40800,4000,336061,3050.432369
180,30792,138805,100000,2225.224817
26789.4,68437.59999999999,86681,492725,25.259099
0,0,446,132209,1872.9930995
12040,0,64518,336314,12.7524465
0,0,2348,108182,1462.9153895
8688,17472,304200,440725,193.320103
0,18000,56408,500000,892.006056
4867,16800,200000,60000,1089.5134275
0,0,32000,15000,1174.894782
65800,0,1402972,5990000,33.360591
0,28200,6385,110000,2156.0648845
61600,107440,705000,2077000,25.4760645
4301.4,10036.6,19000,75001,3060.271072
0,19200,31000,433211.25,1297.9536665
900,30612,64000,50000,1650.991607
0,0,15,0,2118.1107025
0,0,0,0,1123.4523205
2426882,0,18574000,1156014,21.1158285
4050,0,500,60000,3626.6496135
6200,27600,120000,225000,1030.9989995
0,0,7850,58564,1698.1850785
94364,221016,677613,32763009,48.4519195
563658.1,731868.8999999999,600000,6715788,288.3968865
600,0,238000,365000,1017.3755835
30200,0,466061,1481313,447.397168
1402,0,5170,0,3160.666802
0,0,30000,160000,980.9169715
0,35796,180000,180000,524.97376
0,0,0,36061,1110.9664805
0,42000,23700,79200,727.5235605
1500,36000,135400,689000,849.6094535
0,0,800,108684.75,1658.1796875
0,11604,5334,496182,233.869758
1336,0,11800,177650,1080.2614815
125,0,227500,200000,1738.4840515
7500,11900,235000,216000,10.4686485
0,15600,2000,300,1133.714463
0,12780,150,44742,1506.8822925
0,0,6100,120000,1192.9971195
214000,617600,3603694,4710000,8.215925
0,41736,913,132000,1244.786939
0,0,1,55000,2878.386031
4208,9972,4584,334000,1269.9606115
0,0,34500,324546,836.720362
20100,4900,236000,1063791,27.0726605
0,36000,160000,930000,12.8249485
0,0,50000,543000,1232.837066
17400,27600,255000,2247000,20.884973
31880.8,103783.2,135663,1573280,15.3354145
8000,0,0,139750,2154.4440105
0,0,89000,150433,3145.7995255
1000,41220,43962,177000,2345.75503
0,0,116,70000,1380.6049515
280,8280,34300,157533,704.701697
4500,40800,143805,600000,1170.7172835
0,0,45,180000,8592.960143
0,54000,34000,273000,1763.3202435
0,0,0,0,2067.056913
0,23400,100,0,2689.158159
10,21864,25360,0,1723.385783
0,10716,19000,72121,2722.4421335
16000,14000,1919022,2499123,23.765931
0,0,9000,180652,1077.332188
38500,17500,8386707,9870000,21.1158285
377,0,1924,500001,1629.1063825
0,104400,95600,300250,2005.1272015
0,60504,10000,250000,810.10026
0,41532,300,302652,4543.624903
1600,0,100000,51284,1852.941809
12711,0,195000,1652324,26.74006
500,45600,60000,125000,2316.1549305
12210,92400,257000,700000,21.724268
0,19992,28000,300506,1737.911841
1954,0,317506,212217,991.9511365
0,0,3363,420708,1054.937811
0,0,20000,500,2465.9113245
3600,16896,12000,180304,1490.7967745
0,16200,23000,73200,2382.285124
0,18000,1500,140000,331.5152155
0,0,0,100000,1952.6509695
0,0,0,60000,1586.1222965
5502.9,12840.1,17000,20487,3890.074954
141000,0,678910,0,31.324918
25600,103692,146000,970000,191.4618905
0,0,150000,616037,2810.482502
0,22632,7000,60000,1730.267866
0,58392,1000,162500,1698.0078035
400,66000,81534,269000,587.8597395
1,27600,11100,116600,1370.988697
55300,0,1243348,1407777,3.296368
0,63792,31620,145000,1355.95625
1243.8,17302.2,74383,209691.6,1939.414654
21400,23360,2400,71000,68.332622
41655,81800,146051,310000,1335.6420745
61164,198000,587000,4243219,30.508362
0,0,4058000,1580000,7.639341
0,17676,30,39000,234.539271
0,10884,200,0,1536.004649
3600,18204,6100,50000,827.2274345
1500,0,125,154464,1256.5867915
10,0,22000,102000,398.5694815
0,52800,21900,160000,962.410709
58108.8,22747.199999999997,2504578,974460,32.670862
0,0,42000,31000,1527.9917945
0,28416,315,0,1574.46858
0,0,300,819406,1342.946735
0,0,21675,122108.5,3178.085877
97900,14004,110000,3365056,8.8709355
2584,0,195,0,977.9380015
0,0,606000,700000,348.270144
367,0,8493010,7761464,21.0425465
0,21240,322,60000,2759.4594405
0,0,0,11000,512.8581095
0,22524,0,0,6536.6469585
1050,0,479768,440708,18.836233
0,22800,1400,100000,703.412168
4000,0,509600,272303,20.176878
138844.8,177997.2,552133,3075095,4.261226
250,0,349700,342309,6.2795605
2353,78000,116381,287651,1148.6235415
7500,51100,364239,540000,53.830037
1830.9,26712.1,900,3000,7222.5613235
0,0,1451000,1320000,26.952254
0,21600,6286,95000,4475.19452
0,38952,381,0,1214.660054
350,0,68400,389061,749.8855685
29039,0,176000,1579770,9.9497635
0,0,6000,213651,1033.4936925
600,87348,51500,383628,2284.382472
39200,58799.99999999999,169000,604723,107.6636095
0,46572,8363,60000,2415.4507705
17921,0,117437,2656084,9.8985805
0,20400,4000,0,3774.1265715
3600,19404,22200,360000,1363.5697395
0,53400,14400,150000,1620.724226
0,12012,0,0,2147.9225505
15400,73960,48000,645000,2344.845409
0,0,600,70000,1952.6509695
0,0,0,65000,281.922745
440,136800,63000,752000,1196.419098
2,0,10321,110000,1306.893786
0,0,0,90152,2611.5270525
0,0,100,120202,1869.032257
2947,0,638500,143001,46.286672
12978,0,3128000,638000,35.156342
106000,963600,12012517,5484776,22.992263
278,57996,37500,180000,1009.645408
0,53028,50824,61000,983.2550695
0,0,36564,7541,1629.1063825
25,99840,75500,332000,1352.618151
0,0,5000,138233,952.275285
106460,46996,5120000,2700000,24.484189
5,37392,3000,90000,1201.9898215
0,37200,19812,85546,2158.354063
0,0,20000,305456,1306.893786
0,19800,1686,120000,3342.3939575
6531,20856,334801,203974,21.4866175
45600,0,528061,3260000,9.9497635
24,51252,41275,266400,1562.8001725
15108.7,51420.3,6000,738636,1108.343111
0,39600,18000,0,1984.084728
1700,0,605381,679051,8.30325
8479,0,750000,279087,44.944251
0,9600,200,0,1255.616766
3500,56004,169000,220842,413.5232115
90000,315600,1420000,4159379,7.353968
0,720,145,0,2025.6838535
8854.6,20427.4,21240,180000,671.144089
0,8400,10,0,5330.7441985
200,0,173252,444070.75,21.4512805
0,56520,73082,181500,970.215026
0,21600,498,40000,1784.7583435
1000,0,66000,466101,4589.7933485
0,10800,0,240000,1370.947366
44500,150500,594000,1904000.0025,24.845021
0,33552,8000,50000,3974.891301
0,28380,10,70000,6733.9048075
0,42000,5000,120000,16024.4911845
32521,10080,12254901,3861754,26.3219025
0,22800,600,45600,520.664748
79225,80076,122360,400000,384.127096
14900,91200,115000,955000,992.6105845
0,0,600,31748,3492.58381
9679.2,30406.8,111000,123400,721.500031
0,66192,21500,414000,1935.948122
66028.8,48997.2,130000,2696302,30.1511185
0,0,7000,24000,5104.181116
7500,0,260000,1643277,33.1377545
0,13740,1349,31403,1019.8353665
36006,0,23000,1952500,65.516269
8400,19600,24500,261000,1164.5175195
32904.6,51977.399999999994,526000,647896,4437.7842525
395,0,86534,0,3251.213916
0,0,60,0,2952.0519825
15800,0,80453,1340000,1077.332188
18000,45000,295000,700000,18.871464
68600,29399.999999999996,507000,1450000,20.5544155
100,29160,1500,34999.999140625005,2534.8028675
40580,6020,1158000,1778557,13.872383
3600,8400,800,87000,2490.4252225
40656,60864,1018000,3570000,29.8475065
0,0,24000,180304,1744.1360025
0,21600,2700,0,1865.259804
3600,14400,12500,5000,3824.419709
0,10800,14000,20495,1410.31348
0,0,2000,254468,758.23147
0,40596,8000,250000,1614.8884995
142046.19999999998,336107.8,2340000,3138000,5.899352
24459,0,31643,3242243,32.417028
13900,4200,179000,562914,159.665529
1042,0,97,150253,933.338908
0,0,104243,261593,653.460889
9000,32400,400021,1290000,26.4961765
18600,89000,60000,800000,848.8837775
66000,98000,3857000,2134000,13.7015335
0,39000,1900,125000,5561.9554385
43508.8,64187.2,438061,1569728,31.10812
100,0,218000,405000,2086.7560475
0,13200,21000,76000,1772.9967805000001
0,10800,300,80000,2322.50337
9500,0,196000,1260000,32.063568
250,6144,59600,344600,1789.6745045
0,0,127,75000,712.584365
0,59520,34730,120000,9940.0557665
0,36852,41000,120000,3292.981344
440,0,15000,188221,1020.484353
4932,22236,407757,830929.94,2.992008
190000,40404,5720,3300331,18.8030835
0,0,260000,150000,3910.5838015
2024,0,36611,69116,2258.3004925
0,0,4912,60000,857.6252395
0,13200,30000,303506,2718.917934
100,0,200,0,3958.5646855
0,0,1100,121202,586.650596
0,0,7005,132222,1572.9673845
0,54300,14506,194000,5743.613594
0,0,3000,109000,2123.0244335
